ID,Label
0.jpg,96
1.jpg,49
2.jpg,43
3.jpg,24
4.jpg,6
5.jpg,85
6.jpg,33
7.jpg,89
8.jpg,4
9.jpg,93
10.jpg,91
11.jpg,20
12.jpg,34
13.jpg,30
14.jpg,62
15.jpg,39
16.jpg,98
17.jpg,75
18.jpg,53
19.jpg,42
20.jpg,31
21.jpg,17
22.jpg,72
23.jpg,4
24.jpg,41
25.jpg,30
26.jpg,68
27.jpg,35
28.jpg,54
29.jpg,11
30.jpg,41
31.jpg,7
32.jpg,66
33.jpg,32
34.jpg,76
35.jpg,93
36.jpg,8
37.jpg,12
38.jpg,47
39.jpg,78
40.jpg,8
41.jpg,13
42.jpg,12
43.jpg,83
44.jpg,51
45.jpg,80
46.jpg,93
47.jpg,83
48.jpg,39
49.jpg,68
50.jpg,36
51.jpg,4
52.jpg,53
53.jpg,45
54.jpg,64
55.jpg,48
56.jpg,61
57.jpg,84
58.jpg,42
59.jpg,30
60.jpg,33
61.jpg,2
62.jpg,36
63.jpg,46
64.jpg,17
65.jpg,52
66.jpg,83
67.jpg,92
68.jpg,85
69.jpg,36
70.jpg,35
71.jpg,60
72.jpg,7
73.jpg,4
74.jpg,43
75.jpg,55
76.jpg,44
77.jpg,98
78.jpg,80
79.jpg,86
80.jpg,42
81.jpg,16
82.jpg,15
83.jpg,65
84.jpg,37
85.jpg,99
86.jpg,34
87.jpg,49
88.jpg,44
89.jpg,29
90.jpg,55
91.jpg,84
92.jpg,98
93.jpg,23
94.jpg,54
95.jpg,4
96.jpg,61
97.jpg,95
98.jpg,68
99.jpg,20
100.jpg,35
101.jpg,24
102.jpg,18
103.jpg,78
104.jpg,35
105.jpg,1
106.jpg,72
107.jpg,28
108.jpg,80
109.jpg,13
110.jpg,14
111.jpg,45
112.jpg,2
113.jpg,37
114.jpg,48
115.jpg,11
116.jpg,86
117.jpg,29
118.jpg,43
119.jpg,21
120.jpg,48
121.jpg,40
122.jpg,82
123.jpg,87
124.jpg,3
125.jpg,45
126.jpg,82
127.jpg,12
128.jpg,71
129.jpg,86
130.jpg,24
131.jpg,16
132.jpg,4
133.jpg,51
134.jpg,64
135.jpg,60
136.jpg,76
137.jpg,62
138.jpg,20
139.jpg,51
140.jpg,94
141.jpg,77
142.jpg,25
143.jpg,58
144.jpg,22
145.jpg,12
146.jpg,6
147.jpg,37
148.jpg,72
149.jpg,33
150.jpg,85
151.jpg,67
152.jpg,33
153.jpg,32
154.jpg,62
155.jpg,79
156.jpg,69
157.jpg,85
158.jpg,87
159.jpg,12
160.jpg,55
161.jpg,55
162.jpg,32
163.jpg,33
164.jpg,46
165.jpg,84
166.jpg,87
167.jpg,81
168.jpg,16
169.jpg,37
170.jpg,84
171.jpg,91
172.jpg,6
173.jpg,79
174.jpg,37
175.jpg,0
176.jpg,24
177.jpg,4
178.jpg,15
179.jpg,20
180.jpg,69
181.jpg,7
182.jpg,43
183.jpg,58
184.jpg,47
185.jpg,16
186.jpg,8
187.jpg,92
188.jpg,65
189.jpg,4
190.jpg,73
191.jpg,85
192.jpg,91
193.jpg,33
194.jpg,26
195.jpg,68
196.jpg,43
197.jpg,99
198.jpg,86
199.jpg,2
200.jpg,37
201.jpg,68
202.jpg,90
203.jpg,30
204.jpg,86
205.jpg,2
206.jpg,31
207.jpg,24
208.jpg,94
209.jpg,94
210.jpg,23
211.jpg,50
212.jpg,68
213.jpg,34
214.jpg,2
215.jpg,10
216.jpg,8
217.jpg,11
218.jpg,80
219.jpg,99
220.jpg,14
221.jpg,12
222.jpg,93
223.jpg,11
224.jpg,36
225.jpg,25
226.jpg,82
227.jpg,86
228.jpg,66
229.jpg,68
230.jpg,16
231.jpg,84
232.jpg,78
233.jpg,46
234.jpg,14
235.jpg,94
236.jpg,41
237.jpg,37
238.jpg,38
239.jpg,91
240.jpg,26
241.jpg,40
242.jpg,85
243.jpg,21
244.jpg,91
245.jpg,40
246.jpg,51
247.jpg,4
248.jpg,87
249.jpg,72
250.jpg,93
251.jpg,47
252.jpg,68
253.jpg,1
254.jpg,29
255.jpg,68
256.jpg,92
257.jpg,83
258.jpg,48
259.jpg,87
260.jpg,32
261.jpg,32
262.jpg,43
263.jpg,63
264.jpg,13
265.jpg,69
266.jpg,27
267.jpg,52
268.jpg,82
269.jpg,46
270.jpg,10
271.jpg,56
272.jpg,62
273.jpg,67
274.jpg,23
275.jpg,98
276.jpg,87
277.jpg,89
278.jpg,40
279.jpg,70
280.jpg,59
281.jpg,2
282.jpg,7
283.jpg,34
284.jpg,44
285.jpg,86
286.jpg,11
287.jpg,37
288.jpg,29
289.jpg,75
290.jpg,2
291.jpg,12
292.jpg,27
293.jpg,54
294.jpg,92
295.jpg,48
296.jpg,53
297.jpg,67
298.jpg,92
299.jpg,86
300.jpg,48
301.jpg,46
302.jpg,80
303.jpg,29
304.jpg,70
305.jpg,61
306.jpg,33
307.jpg,88
308.jpg,23
309.jpg,24
310.jpg,47
311.jpg,39
312.jpg,0
313.jpg,86
314.jpg,82
315.jpg,72
316.jpg,87
317.jpg,40
318.jpg,99
319.jpg,44
320.jpg,53
321.jpg,2
322.jpg,55
323.jpg,18
324.jpg,72
325.jpg,63
326.jpg,45
327.jpg,33
328.jpg,57
329.jpg,62
330.jpg,58
331.jpg,48
332.jpg,61
333.jpg,41
334.jpg,55
335.jpg,60
336.jpg,39
337.jpg,60
338.jpg,32
339.jpg,17
340.jpg,48
341.jpg,64
342.jpg,53
343.jpg,4
344.jpg,72
345.jpg,87
346.jpg,85
347.jpg,62
348.jpg,54
349.jpg,96
350.jpg,1
351.jpg,95
352.jpg,39
353.jpg,25
354.jpg,42
355.jpg,22
356.jpg,71
357.jpg,38
358.jpg,19
359.jpg,16
360.jpg,66
361.jpg,69
362.jpg,34
363.jpg,57
364.jpg,23
365.jpg,44
366.jpg,69
367.jpg,43
368.jpg,49
369.jpg,70
370.jpg,99
371.jpg,16
372.jpg,89
373.jpg,10
374.jpg,38
375.jpg,94
376.jpg,87
377.jpg,24
378.jpg,37
379.jpg,73
380.jpg,74
381.jpg,60
382.jpg,9
383.jpg,55
384.jpg,96
385.jpg,97
386.jpg,38
387.jpg,85
388.jpg,99
389.jpg,0
390.jpg,36
391.jpg,89
392.jpg,60
393.jpg,32
394.jpg,26
395.jpg,25
396.jpg,87
397.jpg,70
398.jpg,35
399.jpg,2
400.jpg,4
401.jpg,88
402.jpg,65
403.jpg,15
404.jpg,59
405.jpg,64
406.jpg,75
407.jpg,17
408.jpg,26
409.jpg,67
410.jpg,73
411.jpg,64
412.jpg,18
413.jpg,48
414.jpg,20
415.jpg,93
416.jpg,46
417.jpg,93
418.jpg,61
419.jpg,4
420.jpg,57
421.jpg,57
422.jpg,92
423.jpg,31
424.jpg,99
425.jpg,29
426.jpg,80
427.jpg,34
428.jpg,94
429.jpg,73
430.jpg,55
431.jpg,5
432.jpg,66
433.jpg,62
434.jpg,37
435.jpg,68
436.jpg,22
437.jpg,14
438.jpg,16
439.jpg,97
440.jpg,84
441.jpg,85
442.jpg,82
443.jpg,45
444.jpg,51
445.jpg,43
446.jpg,12
447.jpg,89
448.jpg,6
449.jpg,63
450.jpg,91
451.jpg,49
452.jpg,93
453.jpg,47
454.jpg,49
455.jpg,2
456.jpg,65
457.jpg,16
458.jpg,62
459.jpg,33
460.jpg,10
461.jpg,63
462.jpg,28
463.jpg,47
464.jpg,82
465.jpg,79
466.jpg,44
467.jpg,46
468.jpg,98
469.jpg,83
470.jpg,72
471.jpg,45
472.jpg,32
473.jpg,57
474.jpg,98
475.jpg,20
476.jpg,90
477.jpg,9
478.jpg,9
479.jpg,64
480.jpg,64
481.jpg,15
482.jpg,2
483.jpg,13
484.jpg,24
485.jpg,87
486.jpg,42
487.jpg,51
488.jpg,98
489.jpg,43
490.jpg,95
491.jpg,24
492.jpg,64
493.jpg,92
494.jpg,23
495.jpg,85
496.jpg,0
497.jpg,45
498.jpg,86
499.jpg,61
500.jpg,53
501.jpg,37
502.jpg,27
503.jpg,91
504.jpg,6
505.jpg,7
506.jpg,55
507.jpg,42
508.jpg,50
509.jpg,46
510.jpg,50
511.jpg,81
512.jpg,65
513.jpg,79
514.jpg,27
515.jpg,28
516.jpg,0
517.jpg,20
518.jpg,98
519.jpg,95
520.jpg,2
521.jpg,88
522.jpg,4
523.jpg,71
524.jpg,25
525.jpg,52
526.jpg,41
527.jpg,86
528.jpg,26
529.jpg,58
530.jpg,1
531.jpg,24
532.jpg,48
533.jpg,65
534.jpg,42
535.jpg,92
536.jpg,41
537.jpg,21
538.jpg,31
539.jpg,38
540.jpg,2
541.jpg,30
542.jpg,66
543.jpg,98
544.jpg,55
545.jpg,83
546.jpg,35
547.jpg,0
548.jpg,95
549.jpg,24
550.jpg,46
551.jpg,32
552.jpg,97
553.jpg,98
554.jpg,38
555.jpg,60
556.jpg,3
557.jpg,72
558.jpg,61
559.jpg,87
560.jpg,95
561.jpg,62
562.jpg,54
563.jpg,88
564.jpg,13
565.jpg,51
566.jpg,24
567.jpg,13
568.jpg,64
569.jpg,12
570.jpg,48
571.jpg,23
572.jpg,9
573.jpg,63
574.jpg,72
575.jpg,93
576.jpg,33
577.jpg,94
578.jpg,58
579.jpg,3
580.jpg,45
581.jpg,98
582.jpg,27
583.jpg,10
584.jpg,45
585.jpg,63
586.jpg,2
587.jpg,86
588.jpg,42
589.jpg,39
590.jpg,52
591.jpg,44
592.jpg,25
593.jpg,48
594.jpg,76
595.jpg,23
596.jpg,55
597.jpg,65
598.jpg,92
599.jpg,49
600.jpg,22
601.jpg,2
602.jpg,2
603.jpg,3
604.jpg,74
605.jpg,34
606.jpg,11
607.jpg,53
608.jpg,68
609.jpg,64
610.jpg,33
611.jpg,98
612.jpg,26
613.jpg,53
614.jpg,84
615.jpg,74
616.jpg,53
617.jpg,9
618.jpg,90
619.jpg,29
620.jpg,48
621.jpg,87
622.jpg,39
623.jpg,55
624.jpg,96
625.jpg,39
626.jpg,84
627.jpg,27
628.jpg,35
629.jpg,3
630.jpg,16
631.jpg,85
632.jpg,36
633.jpg,15
634.jpg,33
635.jpg,44
636.jpg,39
637.jpg,13
638.jpg,57
639.jpg,56
640.jpg,92
641.jpg,87
642.jpg,95
643.jpg,70
644.jpg,36
645.jpg,66
646.jpg,63
647.jpg,58
648.jpg,96
649.jpg,71
650.jpg,85
651.jpg,27
652.jpg,89
653.jpg,79
654.jpg,6
655.jpg,9
656.jpg,1
657.jpg,5
658.jpg,98
659.jpg,11
660.jpg,44
661.jpg,92
662.jpg,6
663.jpg,76
664.jpg,60
665.jpg,5
666.jpg,71
667.jpg,65
668.jpg,65
669.jpg,64
670.jpg,11
671.jpg,95
672.jpg,48
673.jpg,20
674.jpg,20
675.jpg,21
676.jpg,40
677.jpg,0
678.jpg,88
679.jpg,82
680.jpg,98
681.jpg,9
682.jpg,1
683.jpg,35
684.jpg,69
685.jpg,55
686.jpg,26
687.jpg,52
688.jpg,71
689.jpg,49
690.jpg,36
691.jpg,4
692.jpg,10
693.jpg,50
694.jpg,20
695.jpg,90
696.jpg,53
697.jpg,94
698.jpg,16
699.jpg,17
700.jpg,17
701.jpg,12
702.jpg,48
703.jpg,2
704.jpg,54
705.jpg,26
706.jpg,69
707.jpg,38
708.jpg,78
709.jpg,94
710.jpg,15
711.jpg,98
712.jpg,69
713.jpg,57
714.jpg,98
715.jpg,5
716.jpg,33
717.jpg,83
718.jpg,26
719.jpg,75
720.jpg,87
721.jpg,93
722.jpg,46
723.jpg,53
724.jpg,96
725.jpg,89
726.jpg,49
727.jpg,63
728.jpg,7
729.jpg,44
730.jpg,79
731.jpg,35
732.jpg,79
733.jpg,37
734.jpg,6
735.jpg,11
736.jpg,8
737.jpg,61
738.jpg,79
739.jpg,70
740.jpg,4
741.jpg,50
742.jpg,88
743.jpg,30
744.jpg,71
745.jpg,68
746.jpg,38
747.jpg,0
748.jpg,23
749.jpg,92
750.jpg,23
751.jpg,52
752.jpg,2
753.jpg,82
754.jpg,99
755.jpg,61
756.jpg,82
757.jpg,12
758.jpg,70
759.jpg,69
760.jpg,67
761.jpg,71
762.jpg,73
763.jpg,76
764.jpg,41
765.jpg,84
766.jpg,49
767.jpg,48
768.jpg,69
769.jpg,33
770.jpg,17
771.jpg,79
772.jpg,95
773.jpg,43
774.jpg,88
775.jpg,39
776.jpg,36
777.jpg,45
778.jpg,95
779.jpg,25
780.jpg,2
781.jpg,40
782.jpg,28
783.jpg,15
784.jpg,27
785.jpg,32
786.jpg,80
787.jpg,28
788.jpg,8
789.jpg,47
790.jpg,45
791.jpg,54
792.jpg,1
793.jpg,0
794.jpg,22
795.jpg,35
796.jpg,41
797.jpg,72
798.jpg,12
799.jpg,15
800.jpg,6
801.jpg,53
802.jpg,5
803.jpg,86
804.jpg,55
805.jpg,82
806.jpg,28
807.jpg,6
808.jpg,25
809.jpg,60
810.jpg,13
811.jpg,60
812.jpg,79
813.jpg,95
814.jpg,70
815.jpg,92
816.jpg,4
817.jpg,46
818.jpg,48
819.jpg,25
820.jpg,36
821.jpg,63
822.jpg,41
823.jpg,71
824.jpg,48
825.jpg,21
826.jpg,30
827.jpg,47
828.jpg,16
829.jpg,43
830.jpg,38
831.jpg,16
832.jpg,48
833.jpg,6
834.jpg,66
835.jpg,4
836.jpg,66
837.jpg,8
838.jpg,20
839.jpg,3
840.jpg,7
841.jpg,40
842.jpg,64
843.jpg,40
844.jpg,4
845.jpg,52
846.jpg,43
847.jpg,9
848.jpg,30
849.jpg,47
850.jpg,9
851.jpg,3
852.jpg,90
853.jpg,55
854.jpg,70
855.jpg,87
856.jpg,70
857.jpg,58
858.jpg,11
859.jpg,68
860.jpg,34
861.jpg,8
862.jpg,85
863.jpg,76
864.jpg,77
865.jpg,64
866.jpg,25
867.jpg,55
868.jpg,62
869.jpg,61
870.jpg,55
871.jpg,68
872.jpg,57
873.jpg,66
874.jpg,6
875.jpg,21
876.jpg,98
877.jpg,58
878.jpg,91
879.jpg,76
880.jpg,19
881.jpg,61
882.jpg,76
883.jpg,76
884.jpg,15
885.jpg,9
886.jpg,69
887.jpg,29
888.jpg,90
889.jpg,86
890.jpg,65
891.jpg,24
892.jpg,86
893.jpg,28
894.jpg,68
895.jpg,7
896.jpg,18
897.jpg,47
898.jpg,75
899.jpg,62
900.jpg,63
901.jpg,2
902.jpg,90
903.jpg,20
904.jpg,4
905.jpg,34
906.jpg,28
907.jpg,38
908.jpg,10
909.jpg,4
910.jpg,44
911.jpg,60
912.jpg,5
913.jpg,97
914.jpg,39
915.jpg,90
916.jpg,9
917.jpg,51
918.jpg,56
919.jpg,11
920.jpg,54
921.jpg,62
922.jpg,59
923.jpg,10
924.jpg,60
925.jpg,47
926.jpg,9
927.jpg,58
928.jpg,47
929.jpg,22
930.jpg,35
931.jpg,80
932.jpg,72
933.jpg,60
934.jpg,79
935.jpg,38
936.jpg,28
937.jpg,88
938.jpg,16
939.jpg,42
940.jpg,87
941.jpg,4
942.jpg,38
943.jpg,8
944.jpg,13
945.jpg,96
946.jpg,8
947.jpg,0
948.jpg,26
949.jpg,25
950.jpg,99
951.jpg,22
952.jpg,58
953.jpg,87
954.jpg,85
955.jpg,55
956.jpg,27
957.jpg,68
958.jpg,68
959.jpg,61
960.jpg,89
961.jpg,98
962.jpg,73
963.jpg,69
964.jpg,62
965.jpg,37
966.jpg,34
967.jpg,86
968.jpg,69
969.jpg,62
970.jpg,55
971.jpg,2
972.jpg,91
973.jpg,82
974.jpg,40
975.jpg,41
976.jpg,10
977.jpg,4
978.jpg,11
979.jpg,76
980.jpg,64
981.jpg,5
982.jpg,20
983.jpg,85
984.jpg,11
985.jpg,62
986.jpg,42
987.jpg,51
988.jpg,45
989.jpg,84
990.jpg,4
991.jpg,7
992.jpg,51
993.jpg,98
994.jpg,25
995.jpg,0
996.jpg,86
997.jpg,1
998.jpg,24
999.jpg,65
